Rider ID,obfuscated_trials,obfuscated_extras,real_trials,obf_ride_complete,real_ride_complete,ride_request_time,obf_time_to_accept,obf_loc time to start ride,real_time_to_accept,real_loc time to start ride,generic_util,RHS_util,real_loc num drivers,real_loc avg_driver_dist,real_acc_rate,real_loc surge,obf_loc num drivers,obf_loc avg_driver_dist,obf_acc_rate,obf_loc surge,obf-real ETA,Privacy Level,Avg min real ETA,Avg min obf ETA,Real accept eta_tolerance,Obf accept eta_tolerance,Real accept_eta,Obf accept_eta,Euclidean QL,Expected Gen QL,Expected Tai QL
0,182,0,1,2,1,38,,3678.9,39,442.9,500.0,3236.0,28.0,243.35357142857143,0.5357142857142857,1.0,36.565934065934066,321.8689256198183,0.7981968444778362,0.9945054945054945,235.1,1.4,118.1,133.15879120879163,1800,1800,132.9,78.9,1685.5766913887112,0.0002455200459544259,0.0004713537347588428
1,1,0,166,2,2,71,,4019.7,,3760.1,500.0,259.5999999999999,0.012048192771084338,540.75,1.0,-0.006024096385542169,1.0,729.7,1.0,-1.0,396.6,1.4,2.831927710843374,729.7,1800,1800,470.1,729.7,2192.678690119798,0.0002270438787597005,2.688063289509964e-05
2,1,0,1,1,1,77,80,366.3,78,366.3,500.0,0.0,16.0,260.825,0.625,1.0,17.0,285.7882352941176,0.8235294117647058,1.0,130.7,1.4,56.3,56.3,1800,1800,56.3,56.3,864.0604342088494,0.0002187639077441219,0.0
2,1,0,1,1,1,99,102,932.1,100,310,500.0,622.1,28.0,372.9392857142858,0.8571428571428571,1.0,15.0,713.4266666666667,0.8,1.0,714.2,1.4,0.0,622.1,1800,1800,0,622.1,4413.596438392436,0.00010252994543767253,1.445167902120387e-05
3,1,0,1,1,1,53,56,824.8,54,375.8,500.0,448.99999999999994,19.0,287.3947368421053,0.47368421052631576,1.0,18.0,780.2333333333332,0.8333333333333334,1.0,728.8,1.4,65.8,514.8,1800,1800,65.8,514.8,5096.644840395461,7.47682875783998e-05,6.586874733083551e-06
4,1,0,1,1,1,21,25,499.7,23,499.7,500.0,0.0,2.0,188.6,1.0,2.0,2.0,188.6,0.5,2.0,54.7,1.4,179.7,179.7,1800,1800,179.7,179.7,359.9572182992589,0.00012794097791511482,0.0
4,1,0,1,1,1,86,89,573.3,87,343.7,500.0,229.59999999999997,38.0,235.721052631579,0.7105263157894737,1.0,24.0,490.7875000000001,0.875,1.0,558.5,1.4,33.7,263.3,1800,1800,33.7,263.3,3674.4967038048176,0.00014036613854016437,8.77074277286755e-06
6,1,0,1,1,1,13,17,434.6,15,434.6,500.0,0.0,7.0,223.0,0.2857142857142857,1.0,6.0,190.8166666666667,0.3333333333333333,1.0,141.7,1.4,114.6,114.6,1800,1800,114.6,114.6,796.7827747004106,0.00021107354034540537,0.0
6,1,0,1,1,1,46,49,380.2,47,380.2,500.0,0.0,24.0,239.94166666666663,0.5416666666666666,1.0,26.0,245.84999999999994,0.6153846153846154,1.0,39.6,1.4,70.2,70.2,1800,1800,70.2,70.2,305.2110944788757,0.00011255349423241676,0.0
7,1,0,1,1,1,24,27,451,25,451,500.0,0,12.0,211.6166666666667,0.4166666666666667,1.0,10.0,245.95,0.4,1.0,62.4,1.4,141.0,141.0,1800,1800,141,141,337.0501449178339,0.00012166006058708737,0.0
7,1,0,1,1,1,49,52,310,50,310,500.0,0,22.0,249.09545454545457,0.6363636363636364,1.0,21.0,267.4047619047619,0.6666666666666666,1.0,320.5,1.4,0.0,0.0,1800,1800,0,0,679.2461037395409,0.000194747467837966,0.0
7,1,0,1,1,1,98,101,555.2,99,310,500.0,245.20000000000005,27.0,246.84814814814814,0.7777777777777778,1.0,7.0,319.7571428571428,0.8571428571428571,1.0,390.6,1.4,0.0,245.2,1800,1800,0,245.2,3066.2284744641343,0.00017637583628414612,1.4104413750325865e-05
8,1,0,1,1,1,26,30,869.6,27,393.1,500.0,476.5,11.0,285.0090909090909,0.5454545454545454,1.0,19.0,730.3,0.47368421052631576,1.0,802,1.4,83.1,549.6,1800,1800,83.1,549.6,5758.3506671847335,5.41182352985347e-05,4.47825091075241e-06
8,172,0,1,2,1,58,,3521.1,59,431.1,500.0,3090.0,31.0,297.7387096774193,0.7096774193548387,1.0,19.848837209302324,309.78485647334526,0.695079086115993,0.9941860465116279,292,1.4,121.1,120.39593023255804,1800,1800,121.1,121.1,1264.2229785181564,0.00024451488385617687,0.0005976406092548614
9,1,0,1,1,1,0,3,757.5,1,473.2,500.0,284.3,16.0,283.00624999999997,0.0,1.0,6.0,549.5500000000001,0.0,1.0,693.8,1.4,163.2,447.5,1800,1800,163.2,447.5,3977.085251171829,0.00012393559351175354,8.859475472649157e-06
10,1,0,1,1,1,26,30,477.5,27,371.4,500.0,106.10000000000002,23.0,230.19130434782616,0.43478260869565216,1.0,10.0,307.02,0.4,1.0,246.8,1.4,61.4,125.5,1800,1800,61.4,157.5,1778.8012176464124,0.00024334387747431538,1.4514710887249396e-05
10,170,0,1,2,1,61,,3802.2,62,649.2,500.0,3153.0,1.0,339.2,1.0,-1.0,0.023529411764705882,532.375,1.0,-0.0058823529411764705,382.7,1.4,339.2,2.5423529411764707,1800,1800,339.2,432.2,1230.4341921193072,0.0002434529208722208,0.000623850559767021
11,1,0,1,1,1,30,33,727.9,31,486.8,500.0,241.09999999999997,6.0,226.08333333333334,0.0,1.0,3.0,520.3000000000001,0.0,2.0,704.1,1.4,176.8,417.9,1800,1800,176.8,417.9,5204.896628359864,7.099175778721251e-05,3.2884635420493376e-06
13,1,0,178,2,2,48,,4290.4,,3939.1,500.0,351.2999999999997,0.016853932584269662,250.5666666666667,1.0,-0.016853932584269662,4.0,817.5999999999999,1.0,-1.0,684.3,1.4,4.223033707865169,770.4,1800,1800,419.1,770.4,5175.519646335075,7.200047869598437e-05,4.887193923379364e-06
14,1,0,1,1,1,34,38,587.5,35,454.6,500.0,132.89999999999998,5.0,264.34,0.6,1.0,7.0,456.1857142857143,0.14285714285714285,1.0,460.7,1.4,144.6,267.5,1800,1800,144.6,267.5,2965.3170186486227,0.00018255666331608934,8.181850507762921e-06
14,1,0,1,1,1,63,66,388,64,388,500.0,0,15.0,256.5933333333333,0.6666666666666666,1.0,16.0,288.41875,0.8125,1.0,125.5,1.4,78.0,78.0,1800,1800,78,78,497.39239953629567,0.00016117276536194616,0.0
14,1,0,1,1,1,92,95,385.7,93,385.7,500.0,0.0,14.0,297.49285714285713,0.7857142857142857,1.0,21.0,508.81428571428563,0.8571428571428571,1.0,437,1.4,75.7,75.7,1800,1800,75.7,75.7,2060.5026581668467,0.00023320466225355761,0.0
15,1,0,166,2,2,71,,3951.9,,3986.9,500.0,-35.0,0.04216867469879518,853.8857142857142,1.0,-0.006024096385542169,4.0,725.45,1.0,-1.0,278,1.4,4.198192771084337,661.9,1800,1800,696.9,661.9,1733.909649075885,0.0002444777290186854,-4.934928714546592e-06
16,1,0,1,1,1,70,73,803.2,71,398.1,500.0,405.1,40.0,242.74500000000003,0.6,1.0,8.0,572.9625,0.875,1.0,653.1,1.4,88.1,493.2,1800,1800,88.1,493.2,4990.590911990194,7.862849066406192e-05,6.382490997505761e-06
16,1,0,1,1,1,84,87,310,85,310,500.0,0,21.0,249.14761904761906,0.6190476190476191,1.0,15.0,226.80666666666667,0.7333333333333333,1.0,245.8,1.4,0.0,0.0,1800,1800,0,0,1057.6026059262333,0.00023506620230673942,0.0
17,1,0,1,1,1,7,10,356.8,8,356.8,500.0,0.0,29.0,241.87931034482762,0.034482758620689655,1.0,23.0,268.46956521739133,0.08695652173913043,1.0,270.6,1.4,46.8,46.8,1800,1800,46.8,46.8,1965.688153911628,0.0002371312466342764,0.0
18,1,0,1,1,1,79,82,665.2,80,486.8,500.0,178.40000000000003,23.0,264.63043478260875,0.6521739130434783,1.0,18.0,534.0111111111112,0.8333333333333334,1.0,463.6,1.4,176.8,355.2,1800,1800,176.8,355.2,2823.2979261215983,0.00019124461283730415,1.2084462859732082e-05
19,1,0,1,1,1,31,34,568.9,32,436.4,500.0,132.5,9.0,227.58888888888885,0.7777777777777778,1.0,13.0,580.6769230769231,0.23076923076923078,1.0,430.2,1.4,108.8,258.9,1800,1800,126.4,258.9,3529.1232483223166,0.00014866803153121665,5.581701967266384e-06
19,1,0,1,1,1,88,91,469.3,89,469.3,500.0,0.0,25.0,319.67199999999997,0.84,1.0,19.0,329.0315789473684,0.7894736842105263,1.0,255.1,1.4,159.3,159.3,1800,1800,159.3,159.3,1602.0152821914949,0.00024684618718129244,0.0
20,186,0,1,2,1,29,,4002.5,30,520.7,500.0,3481.8,4.0,280.85,0.5,1.0,0.053763440860215055,466.21999999999997,0.9,-0.005376344086021506,489.7,1.4,210.7,1.6801075268817205,1800,1800,210.7,312.5,2004.6193060976302,0.00023557446152819024,0.0004091665473109565
21,1,0,1,1,1,34,37,493.2,35,493.2,500.0,0.0,1.0,183.2,0.0,2.0,2.0,258.85,0.5,1.0,135.8,1.4,183.2,183.2,1800,1800,183.2,183.2,654.1179212094823,0.00019074122849372082,0.0
22,1,0,1,1,1,35,38,730.6,36,403.9,500.0,326.70000000000005,5.0,251.07999999999998,0.6,1.0,5.0,423.96000000000004,0.2,1.0,476.6,1.4,93.9,357.2,1800,1800,93.9,420.6,3338.614614330808,0.0001598800813495613,1.5645058987250384e-05
22,1,0,1,1,1,67,70,613.5,68,310,500.0,303.5,25.0,238.93200000000002,0.48,1.0,31.0,557.2064516129032,0.6774193548387096,1.0,450.3,1.4,0.0,303.5,1800,1800,0,303.5,3607.7769568156014,0.00014414627437713798,1.212613606581595e-05
23,1,0,1,1,1,55,58,506.1,56,351.6,500.0,154.5,33.0,232.6030303030303,0.6060606060606061,1.0,16.0,430.62500000000006,0.625,1.0,514.1,1.4,41.6,196.1,1800,1800,41.6,196.1,3411.711483439141,0.00015553830574142611,7.043581602283222e-06
23,1,0,1,1,1,74,77,310,75,310,500.0,0,35.0,221.32857142857142,0.5714285714285714,1.0,40.0,263.9825000000001,0.775,1.0,176.8,1.4,0.0,0.0,1800,1800,0,0,913.5585313887774,0.00022371845516623869,0.0
25,1,0,1,1,1,33,36,632.1,34,417.3,500.0,214.8,7.0,204.15714285714284,0.14285714285714285,1.0,5.0,459.96000000000004,0.0,1.0,478.2,1.4,107.3,322.1,1800,1800,107.3,322.1,3435.8824876973235,0.0001541129897799123,9.634633990905377e-06
26,1,0,167,2,2,69,,3852.3,,3885.2,500.0,-32.899999999999636,0.029940119760479042,602.24,1.0,-0.005988023952095809,4.0,589.475,1.0,-1.0,425.3,1.4,3.4443113772455094,542.3,1800,1800,575.2,542.3,3465.1187769272697,0.00015239635747667262,-1.4469461175090075e-06
28,1,0,1,1,1,41,44,433.5,42,433.5,500.0,0.0,28.0,247.12142857142857,0.5,1.0,21.0,277.5952380952381,0.6190476190476191,1.0,309.5,1.4,123.5,123.5,1800,1800,123.5,123.5,1357.0862526331787,0.0002465750987975855,0.0
28,1,0,1,1,1,96,99,310,97,310,500.0,0,37.0,223.21081081081084,0.8648648648648649,1.0,22.0,253.4636363636364,0.7727272727272727,1.0,275.2,1.4,0.0,0.0,1800,1800,0,0,1395.97070281893,0.000247089250440592,0.0
29,1,0,1,1,1,42,45,566.9,43,566.9,500.0,0.0,1.0,256.9,0.0,1.0,1.0,256.9,1.0,1.0,242.8,1.4,256.9,256.9,1800,1800,256.9,256.9,90.58092222404356,3.8594229492032166e-05,0.0
29,1,0,1,1,1,52,55,727.2,53,310,500.0,417.20000000000005,19.0,286.9842105263158,0.42105263157894735,1.0,16.0,621.43125,0.6875,1.0,653.5,1.4,0.0,417.2,1800,1800,0,417.2,4013.994901838589,0.00012201715581847487,1.2682018451032585e-05
30,1,0,1,1,1,6,9,613.1,7,413.1,500.0,200.0,11.0,295.85454545454553,0.18181818181818182,1.0,19.0,574.6105263157893,0.05263157894736842,1.0,449,1.4,103.1,303.1,1800,1800,103.1,303.1,2775.8631159176784,0.00019413044890215036,1.3987033279050748e-05
30,1,0,1,1,1,28,31,310,29,310,500.0,0,22.0,352.69090909090914,0.18181818181818182,1.0,26.0,356.9269230769231,0.4230769230769231,1.0,251.2,1.4,0.0,0.0,1800,1800,0,0,363.60118795175237,0.00012891964476313954,0.0
31,1,0,1,1,1,31,34,368.8,32,368.8,500.0,0.0,19.0,317.46315789473687,0.21052631578947367,1.0,19.0,317.17368421052635,0.5263157894736842,1.0,269.6,1.4,58.8,58.8,1800,1800,58.8,58.8,866.3150211941969,0.0002190022019855109,0.0
32,1,0,182,2,2,40,,4085.9,,4085.9,500.0,0.0,0.054945054945054944,573.9499999999999,1.0,-0.005494505494505495,10.0,573.9499999999999,0.9,-1.0,316.2,1.4,2.6697802197802196,485.9,1800,1800,485.9,485.9,1342.2397449733564,0.00024632633277149726,0.0
33,1,0,1,1,1,18,21,482.8,19,482.8,500.0,0.0,11.0,302.72727272727275,0.0,1.0,9.0,297.3666666666666,0.0,1.0,35.3,1.4,172.8,172.8,1800,1800,172.8,172.8,111.79810336974458,4.69590413987812e-05,0.0
33,1,0,1,1,1,34,37,535.1,35,310,500.0,225.10000000000002,34.0,248.1647058823529,0.5,1.0,14.0,414.60714285714283,0.6428571428571429,1.0,500.4,1.4,0.0,225.1,1800,1800,0,225.1,3694.197626986972,0.00013926016362887167,8.48559443703242e-06
34,1,0,167,2,2,69,,4075.1,,4075.1,500.0,0.0,0.023952095808383235,895.125,1.0,-0.005988023952095809,3.0,866.7666666666668,1.0,-1.0,108.8,1.4,4.581437125748503,765.1,1800,1800,765.1,765.1,378.82231509072875,0.000132947719983682,0.0
35,1,0,1,1,1,26,29,564.9,27,561.6,500.0,3.2999999999999545,8.0,338.91249999999997,0.125,1.0,7.0,351.3857142857143,0.0,1.0,333.4,1.4,251.6,254.9,1800,1800,251.6,254.9,322.8395056085793,0.00011765037868311552,1.2025983279908677e-06
35,1,0,1,1,1,39,42,310,40,310,500.0,0,32.0,200.8,0.5625,1.0,30.0,230.8833333333333,0.6,1.0,211,1.4,0.0,0.0,1800,1800,0,0,1291.9216577949562,0.00024525772306045334,0.0
35,1,0,1,1,1,82,85,1127.3,83,452.5,500.0,674.8,24.0,315.2833333333333,0.875,1.0,6.0,979.1666666666666,1.0,1.0,938,1.4,142.5,799.8,1800,1800,142.5,817.3,6269.94765887122,4.1763040216053936e-05,4.494726442878592e-06
36,165,0,1,2,1,72,,3673.9,73,459.5,500.0,3214.4,11.0,262.1363636363636,0.9090909090909091,1.0,0.03636363636363636,566.2833333333334,1.0,-0.006060606060606061,625.9,1.4,149.5,2.5084848484848483,1800,1800,149.5,413.9,3537.61938710583,0.00014817632611145482,0.00013463799536736644
37,180,0,1,2,1,42,,3942.9,43,571.6,500.0,3371.3,8.0,299.05,0.625,1.0,0.022222222222222223,431.225,1.0,-0.005555555555555556,527.3,1.4,261.6,2.127222222222222,1800,1800,261.6,382.9,3359.630948732947,0.00015862713938734796,0.00015917810115966853
39,1,0,178,2,2,48,,4070.1,,4070.1,500.0,0.0,0.0056179775280898875,550.1,1.0,-0.0056179775280898875,3.0,599.8333333333334,1.0,-1.0,414.3,1.4,3.0904494382022474,550.1,1800,1800,550.1,550.1,3091.1530853295844,0.00017485204587805344,0.0
40,1,0,1,1,1,59,62,1109.6,60,682.1,500.0,427.4999999999999,2.0,292.05,1.0,-1.0,14.0,897.5428571428572,0.7857142857142857,1.0,912.4,1.4,212.0,799.6,1800,1800,372.1,799.6,6616.019313594391,3.4912698113978125e-05,2.2559151865016253e-06
40,1,0,1,1,1,76,79,518.5,77,310,500.0,208.5,13.0,232.3846153846154,0.6153846153846154,1.0,14.0,334.37857142857143,0.9285714285714286,1.0,245.9,1.4,0.0,57.0,1800,1800,0,208.5,2016.2283959758147,0.00023509489483107386,2.431137547219967e-05
41,1,0,1,1,1,33,36,412.7,34,356.4,500.0,56.30000000000001,24.0,223.60416666666666,0.4166666666666667,1.0,12.0,344.5333333333333,0.4166666666666667,1.0,317.8,1.4,46.4,102.7,1800,1800,46.4,102.7,1945.54207612279,0.00023790447174547308,6.884467791086104e-06
41,1,0,1,1,1,50,53,663.8,51,310,500.0,353.79999999999995,10.0,192.60999999999999,1.0,1.0,6.0,401.8333333333333,0.8333333333333334,1.0,559.5,1.4,0.0,332.4,1800,1800,0,353.8,3953.5086119847415,0.00012517115382254648,1.1201582839144162e-05
41,1,0,1,1,1,62,65,310,63,310,500.0,0,17.0,241.68823529411765,0.5294117647058824,1.0,22.0,319.23636363636365,0.8181818181818182,1.0,312.4,1.4,0.0,0.0,1800,1800,0,0,1754.6946300039474,0.000243971923033688,0.0
42,1,0,1,1,1,66,69,382.3,67,382.3,500.0,0.0,14.0,251.15714285714287,0.7142857142857143,1.0,21.0,333.3571428571429,0.8095238095238095,1.0,279.8,1.4,72.3,72.3,1800,1800,72.3,72.3,1574.493402602061,0.00024714057364454394,0.0
43,160,0,1,2,1,81,,3613.8,82,488.3,500.0,3125.5,36.0,290.83333333333326,0.6944444444444444,1.0,0.01875,495.4333333333334,1.0,-0.00625,974.2,1.4,178.3,2.77375,1800,1800,178.3,443.8,7531.863162558505,2.1459922279206777e-05,8.905231764842193e-06
44,1,0,169,2,2,65,,4007.4,,4007.4,500.0,0.0,0.01775147928994083,736.1,1.0,-0.005917159763313609,4.0,799.4000000000001,1.0,-1.0,390.2,1.4,3.889940828402367,657.4,1800,1800,657.4,657.4,1314.8898512144822,0.00024578948101848795,0.0
45,1,0,1,1,1,86,89,381.8,87,381.8,500.0,0.0,18.0,308.2,0.7222222222222222,1.0,17.0,280.41764705882355,0.8235294117647058,1.0,52.7,1.4,71.8,71.8,1800,1800,71.8,71.8,280.5874995224032,0.00010520185070229523,0.0
46,179,0,1,2,1,44,,3741.8,45,525,500.0,3216.8,7.0,223.91428571428574,0.8571428571428571,1.0,0.0111731843575419,237.20000000000002,1.0,-0.00558659217877095,507.5,1.4,153.8,1.1273743016759776,1800,1800,215,201.8,3334.2373092196167,0.00016014149232123647,0.00015450104618363938
48,1,0,1,1,1,51,54,807.1,52,407.8,500.0,399.3,20.0,285.865,0.5,1.0,8.0,645.2125000000001,0.875,1.0,700.9,1.4,97.8,497.1,1800,1800,97.8,497.1,4816.173756365471,8.533055832561676e-05,7.074597733187186e-06
48,1,0,1,1,1,60,63,480.6,61,310,500.0,170.60000000000002,13.0,283.7,0.9230769230769231,1.0,4.0,305.725,0.75,1.0,413.2,1.4,0.0,170.6,1800,1800,0,170.6,2514.91083166395,0.00020964431660830442,1.4221307556146313e-05
48,1,0,1,1,1,94,97,310,95,310,500.0,0,23.0,290.89130434782606,0.5652173913043478,1.0,18.0,366.6833333333334,0.7777777777777778,1.0,387.7,1.4,0.0,0.0,1800,1800,0,0,1822.9768174376616,0.00024208259403884258,0.0
50,1,0,1,1,1,12,15,328.6,13,328.6,500.0,0.0,14.0,264.7142857142857,0.0,1.0,12.0,271.0833333333333,0.0,1.0,151.2,1.4,18.6,18.6,1800,1800,18.6,18.6,677.4485524674623,0.00019446718518617817,0.0
50,1,0,1,1,1,38,41,310,39,310,500.0,0,27.0,175.4962962962963,0.48148148148148145,1.0,25.0,266.51199999999994,0.64,1.0,296.2,1.4,0.0,0.0,1800,1800,0,0,1924.0074861801174,0.00023870545826786764,0.0
50,1,0,1,1,1,57,60,863.5,58,310,500.0,553.5,22.0,276.48636363636365,0.6818181818181818,1.0,22.0,837.8000000000001,0.6818181818181818,1.0,854.1,1.4,0.0,553.5,1800,1800,0,553.5,5796.834264707043,5.3087140948226745e-05,5.068927482322713e-06
50,1,0,1,1,1,84,87,527.3,85,310,500.0,217.29999999999995,18.0,298.87777777777774,0.7222222222222222,1.0,16.0,294.725,0.9375,1.0,250.8,1.4,0.0,0.0,1800,1800,0,217.3,655.3695967714906,0.0001909453153837263,6.331147681748653e-05
52,1,0,1,1,1,19,22,822.5,20,364.2,500.0,458.3,9.0,288.2555555555556,0.1111111111111111,1.0,13.0,708.8461538461538,0.23076923076923078,1.0,717.4,1.4,54.2,512.5,1800,1800,54.2,512.5,3644.00780570216,0.0001420870032629591,1.7870014848353636e-05
52,1,0,1,1,1,41,44,593.3,42,310,500.0,283.29999999999995,25.0,231.14800000000002,0.52,1.0,20.0,515.0600000000001,0.5,1.0,553.8,1.4,0.0,283.3,1800,1800,0,283.3,2306.4198448638786,0.0002212236862991362,2.7173140427190576e-05
53,1,0,1,1,1,36,39,434.3,37,434.3,500.0,0.0,19.0,272.1105263157895,0.3684210526315789,1.0,20.0,290.90500000000003,0.55,1.0,112.4,1.4,10.5,68.1,1800,1800,124.3,124.3,428.60119734996454,0.00014546232982569777,0.0
53,1,0,1,1,1,75,78,310,76,310,500.0,0,36.0,191.38333333333333,0.6944444444444444,1.0,36.0,201.55,0.75,1.0,132.8,1.4,0.0,0.0,1800,1800,0,0,940.3018026095141,0.00022616053318928265,0.0
54,1,0,1,1,1,43,46,357.9,44,357.9,500.0,0.0,21.0,230.64761904761906,0.5238095238095238,1.0,19.0,221.7947368421053,0.7368421052631579,1.0,87.4,1.4,47.9,47.9,1800,1800,47.9,47.9,494.9660183501534,0.00016064862809117965,0.0
54,1,0,1,1,1,68,71,310,69,310,500.0,0,20.0,398.80000000000007,0.7,1.0,29.0,437.37586206896555,0.8275862068965517,1.0,413.8,1.4,0.0,0.0,1800,1800,0,0,1421.6076563348247,0.00024732313709295784,0.0
54,1,0,1,1,1,85,88,310,86,310,500.0,0,29.0,200.2758620689655,0.7931034482758621,1.0,34.0,272.1000000000001,0.7352941176470589,1.0,162,1.4,0.0,0.0,1800,1800,0,0,983.3921657742569,0.0002297644715164691,0.0
55,153,0,1,2,1,96,,3264.3,97,554.3,500.0,2710.0,2.0,296.55,1.0,-1.0,0.013071895424836602,296.55,1.0,-0.006535947712418301,256.6,1.4,244.3,1.596732026143791,1800,1800,244.3,244.3,1573.307967872863,0.0002471515837646487,0.0004257149939358358
58,1,0,1,1,1,25,29,744,26,378.1,500.0,365.9,5.0,312.12,0.4,1.0,7.0,538.9428571428572,0.42857142857142855,1.0,406.1,1.4,68.1,424.0,1800,1800,68.1,424,3291.133118817279,0.0001627234991731868,1.8091194186902374e-05
58,1,0,1,1,1,50,53,411.5,51,460.8,500.0,-49.30000000000001,16.0,242.58750000000003,0.875,1.0,13.0,235.38461538461536,0.7692307692307693,1.0,198.6,1.4,102.6,101.5,1800,1800,150.8,101.5,1774.504413368432,0.00024345901285734124,-6.763876856797028e-06
58,1,0,1,1,1,74,77,504.6,75,310,500.0,194.60000000000002,16.0,211.8375,0.75,1.0,14.0,414.1714285714285,0.8571428571428571,1.0,428.6,1.4,0.0,194.6,1800,1800,0,194.6,2832.439913191394,0.00019068714023856836,1.3100972528174495e-05
59,1,0,1,1,1,40,43,575,41,511.3,500.0,63.69999999999999,14.0,280.5285714285714,0.7142857142857143,1.0,9.0,444.0888888888889,0.4444444444444444,1.0,395.6,1.4,201.3,265.0,1800,1800,201.3,265,1807.3513886620792,0.00024254461795894918,8.548471681216478e-06
59,1,0,1,1,1,48,51,493.6,49,310,500.0,183.60000000000002,23.0,274.81739130434784,0.5217391304347826,1.0,5.0,420.9,0.6,1.0,590.8,1.4,0.0,183.6,1800,1800,0,183.6,2101.9732467223575,0.00023135090482274146,2.0207691126273336e-05
60,1,0,173,2,2,58,,4085.4,,4052.8,500.0,32.59999999999991,0.046242774566473986,740.1375,1.0,-0.005780346820809248,2.0,718.25,1.0,-1.0,84,1.4,3.657803468208092,665.4,1800,1800,632.8,665.4,364.25127472980614,0.00012909365443678622,1.1553708735160804e-05
61,1,0,169,2,2,66,,3667.5,,3667.5,500.0,0.0,0.011834319526627219,380.35,1.0,-0.005917159763313609,5.0,505.08000000000004,1.0,-1.0,372.7,1.4,1.9378698224852071,327.5,1800,1800,327.5,327.5,1975.6444618125565,0.0002367408289599964,0.0
62,1,0,1,1,1,7,10,475.8,8,463.1,500.0,12.699999999999989,14.0,261.3428571428571,0.0,1.0,6.0,192.96666666666667,0.0,1.0,207.9,1.4,153.1,153.1,1800,1800,153.1,165.8,1168.6675518667892,0.00024104562864226805,2.61946135054988e-06
64,1,0,1,1,1,24,27,732,25,394.8,500.0,337.2,20.0,254.2100000000001,0.35,1.0,6.0,519.4333333333334,0.16666666666666666,1.0,635.6,1.4,84.8,422.0,1800,1800,84.8,422,4033.787666846499,0.00012099643065863174,1.0114562239709285e-05
67,1,0,1,1,1,31,35,812.7,32,548.8,500.0,263.9000000000001,5.0,287.74,0.4,1.0,31.0,665.6870967741936,0.45161290322580644,1.0,651.8,1.4,218.1,492.7,1800,1800,238.8,492.7,4772.196447438315,8.709102241549349e-05,4.8160885807175945e-06
67,1,0,160,2,2,84,,3452.6,,3452.6,500.0,0.0,0.08125,383.5153846153846,0.8461538461538461,-0.00625,13.0,398.2384615384616,0.8461538461538461,4.0,316.3,1.4,1.82875,292.6,1800,1800,292.6,292.6,1460.500192769678,0.00024752554846134677,0.0
68,1,0,1,1,1,21,24,537.5,22,476.1,500.0,61.39999999999998,14.0,308.36428571428576,0.2857142857142857,1.0,13.0,524.3153846153846,0.23076923076923078,1.0,714.3,1.4,166.1,227.5,1800,1800,166.1,227.5,3346.1770042789044,0.00015942881804386646,2.9254069391355747e-06
68,1,0,1,1,1,48,51,498.1,49,310,500.0,188.10000000000002,20.0,328.165,0.6,1.0,18.0,394.43333333333334,0.7222222222222222,1.0,422.8,1.4,0.0,188.1,1800,1800,0,188.1,2660.516140350055,0.0002010816148997148,1.4216584214241893e-05
68,1,0,1,1,1,99,102,457.7,100,310,500.0,147.7,39.0,222.52307692307696,0.717948717948718,1.0,17.0,317.9411764705882,0.8235294117647058,1.0,291.7,1.4,0.0,147.7,1800,1800,0,147.7,1857.2840449388427,0.00024100954952207895,1.9166217769120613e-05
69,1,0,1,1,1,25,28,499.8,26,373.1,500.0,126.69999999999999,21.0,242.0904761904762,0.23809523809523808,1.0,27.0,406.10370370370373,0.4444444444444444,1.0,371.8,1.4,63.1,189.8,1800,1800,63.1,189.8,2648.565311585931,0.00020179474640971706,9.653299564963978e-06
69,1,0,1,1,1,44,47,755,45,310,500.0,445,14.0,300.5142857142858,0.5,1.0,26.0,673.7307692307693,0.46153846153846156,1.0,718.2,1.4,0.0,445.0,1800,1800,0,445,5062.687400409725,7.598685038753234e-05,6.679090717652308e-06
69,1,0,1,1,1,70,73,1055.6,71,344.2,500.0,711.3999999999999,32.0,262.50624999999997,0.6875,1.0,19.0,888.7157894736841,0.7894736842105263,1.0,918.1,1.4,34.2,745.6,1800,1800,34.2,745.6,6733.857069425438,3.282552971725398e-05,3.4678612272426774e-06
69,1,0,1,1,1,90,93,589.9,91,310,500.0,279.9,35.0,264.6742857142857,0.7714285714285715,1.0,39.0,507.45128205128185,0.7692307692307693,1.0,457.7,1.4,0.0,279.9,1800,1800,0,279.9,3050.644571895597,0.0001773293715786236,1.6270165184800624e-05
70,1,0,1,1,1,72,75,368.7,73,368.7,500.0,0.0,18.0,247.30555555555554,0.6111111111111112,1.0,10.0,320.65,1.0,1.0,424.1,1.4,58.7,58.7,1800,1800,58.7,58.7,1998.4855525531311,0.00023582505161350516,0.0
72,1,0,1,1,1,29,32,468.9,30,468.9,500.0,0.0,6.0,277.1333333333333,0.8333333333333334,1.0,5.0,263.88,0.4,1.0,63.3,1.4,158.9,158.9,1800,1800,158.9,158.9,554.0806211100715,0.00017282159018875443,0.0
72,1,0,1,1,1,39,42,576.9,40,441.2,500.0,135.7,25.0,245.79199999999997,0.56,1.0,15.0,457.4266666666666,0.6666666666666666,1.0,404,1.4,109.0,266.9,1800,1800,131.2,266.9,3698.8767135612848,0.00013899818866777426,5.09940061885884e-06
73,1,0,1,1,1,64,67,840.6,65,500.4,500.0,340.20000000000005,24.0,286.9916666666667,0.625,1.0,2.0,539.85,0.0,3.0,639.4,1.4,190.4,530.6,1800,1800,190.4,530.6,5096.277613676817,7.478137825539699e-05,4.992001380421539e-06
74,1,0,176,2,2,51,,4049.1,,4049.1,500.0,0.0,0.005681818181818182,559.1,1.0,-0.005681818181818182,1.0,559.1,1.0,-1.0,137.7,1.4,3.1767045454545455,559.1,1800,1800,559.1,559.1,816.1774629529923,0.00021340777655422965,0.0
75,1,0,1,1,1,20,23,420.9,21,420.9,500.0,0.0,23.0,301.7913043478261,0.17391304347826086,1.0,25.0,305.32000000000005,0.2,1.0,172.7,1.4,110.9,110.9,1800,1800,110.9,110.9,644.450038591013,0.00018914866437270888,0.0
75,1,0,1,1,1,42,45,310,43,310,500.0,0,27.0,174.45925925925926,0.5925925925925926,1.0,27.0,205.86666666666665,0.5555555555555556,1.0,226.6,1.4,0.0,0.0,1800,1800,0,0,1395.1810239433892,0.00024708074220623235,0.0
76,1,0,1,1,1,7,10,486.7,8,486.7,500.0,0.0,11.0,350.18181818181824,0.09090909090909091,1.0,10.0,365.77,0.0,1.0,320.5,1.4,176.7,176.7,1800,1800,176.7,176.7,411.07650233573713,0.00014116970606841653,0.0
76,1,0,1,1,1,41,44,577.7,42,495.2,500.0,82.50000000000006,20.0,325.2,0.4,1.0,24.0,414.34583333333336,0.7083333333333334,1.0,327.6,1.4,0.0,267.7,1800,1800,185.2,267.7,2641.3884616727337,0.00020222224294990897,6.316123238004268e-06
76,1,0,1,1,1,74,77,375,75,375,500.0,0,30.0,188.67666666666668,0.7,1.0,34.0,375.8529411764706,0.7941176470588235,1.0,406.1,1.4,65.0,65.0,1800,1800,65,65,2368.2677244631777,0.0002178956883483473,0.0
77,1,0,1,1,1,76,79,682.4,77,352.6,500.0,329.79999999999995,34.0,244.26470588235293,0.5882352941176471,1.0,24.0,634.05,0.7916666666666666,1.0,677.3,1.4,42.6,372.4,1800,1800,42.6,372.4,4264.091879638593,0.0001095413968717377,8.472320416172891e-06
78,1,0,1,1,1,18,21,366.3,19,366.3,500.0,0.0,13.0,233.45384615384611,0.3076923076923077,1.0,11.0,236.39999999999998,0.36363636363636365,1.0,302.2,1.4,56.3,56.3,1800,1800,56.3,56.3,949.1074581829504,0.00022692974782533902,0.0
78,1,0,1,1,1,82,85,444.4,83,444.4,500.0,0.0,20.0,237.17,0.6,1.0,16.0,250.57500000000002,0.75,1.0,249.9,1.4,105.3,105.3,1800,1800,134.4,134.4,1228.2694847824378,0.00024337889196631435,0.0
79,1,0,177,2,2,50,,4290.2,,4290.2,500.0,0.0,0.022598870056497175,544.45,0.75,-0.011299435028248588,3.0,877.0,1.0,-1.0,147.1,1.4,5.550282485875707,790.2,1800,1800,790.2,790.2,595.98748863039,0.0001807235055906648,0.0
80,169,0,1,2,1,63,,3657.3,64,450.4,500.0,3206.9,19.0,272.7421052631579,0.7368421052631579,1.0,0.01775147928994083,356.6666666666667,1.0,-0.005917159763313609,807.4,1.4,140.4,1.8183431952662723,1800,1800,140.4,307.3,6632.601192732052,3.461181538867867e-05,1.67350075098112e-05
82,1,0,1,1,1,32,35,590.7,33,429.1,500.0,161.60000000000002,19.0,304.9789473684211,0.3684210526315789,1.0,17.0,488.0235294117647,0.5294117647058824,1.0,547.6,1.4,119.1,247.5,1800,1800,119.1,280.7,3170.74527485826,0.00017000052321955317,8.664235746123713e-06
82,1,0,1,1,1,47,50,774.2,48,428.8,500.0,345.40000000000003,7.0,221.45714285714288,0.8571428571428571,1.0,6.0,525.7666666666667,0.6666666666666666,1.0,695.1,1.4,0.0,458.9,1800,1800,118.8,464.2,5177.019267582467,7.194869650829177e-05,4.8002679707175945e-06
82,1,0,1,1,1,57,60,832.9,58,310,500.0,522.9,22.0,183.61818181818182,0.5454545454545454,1.0,2.0,544.55,0.5,-1.0,668.9,1.4,0.0,522.9,1800,1800,0,522.9,5115.13333310142,7.411167821153006e-05,7.576145920972944e-06
82,165,0,1,2,1,72,,3555.7,73,310,500.0,3245.7,22.0,228.52727272727273,0.7272727272727273,1.0,0.006060606060606061,295.7,1.0,-0.006060606060606061,753.8,1.4,0.0,1.792121212121212,1800,1800,0,295.7,5716.47802235967,5.526009036058183e-05,3.137555581982357e-05
83,1,0,1,1,1,52,55,407.1,53,407.1,500.0,0.0,20.0,213.49499999999998,0.55,1.0,26.0,398.41923076923075,0.6923076923076923,1.0,352.3,1.4,97.1,97.1,1800,1800,97.1,97.1,2124.3003372674993,0.00023032162103981194,0.0
83,1,0,1,1,1,66,69,779.5,67,310,500.0,469.5,37.0,208.64054054054054,0.6486486486486487,1.0,10.0,593.7499999999999,0.9,1.0,662.1,1.4,0.0,469.5,1800,1800,0,469.5,5607.6018043501135,5.8328385446825636e-05,4.883580882301683e-06
83,159,0,1,2,1,83,,3837.3,84,310,500.0,3527.3,19.0,299.91052631578947,0.7368421052631579,1.0,0.012578616352201259,716.3,1.0,-0.006289308176100629,629.3,1.4,0.0,4.322641509433962,1800,1800,0,687.3,4094.5918754516174,0.00011789618349247695,0.00010156206544691265
84,1,0,1,1,1,33,37,512,34,462.1,500.0,49.89999999999998,13.0,269.7692307692308,0.5384615384615384,1.0,31.0,469.4032258064516,0.5161290322580645,1.0,433.7,1.4,152.1,192.0,1800,1800,152.1,192,2423.4350372438716,0.0002148454896258367,4.423799180737192e-06
84,1,0,1,1,1,41,44,620.6,42,451.5,500.0,169.10000000000002,5.0,307.9,0.6,1.0,20.0,473.62,0.55,1.0,477.2,1.4,141.5,310.6,1800,1800,141.5,310.6,2071.183675194462,0.00023273466344678184,1.9001420327994697e-05
84,1,0,1,1,1,78,81,352,79,310,500.0,42,18.0,232.20555555555555,0.7777777777777778,1.0,20.0,323.90500000000003,0.85,1.0,218.9,1.4,0.0,42.0,1800,1800,0,42,1679.4987444077021,0.0002456373706811135,6.14276706246965e-06
86,1,0,1,1,1,19,22,493.6,20,452.4,500.0,41.200000000000045,5.0,202.07999999999998,0.2,1.0,6.0,274.84999999999997,0.0,1.0,255.2,1.4,142.4,183.6,1800,1800,142.4,183.6,1865.3831966871942,0.0002407448231751371,5.317238159124965e-06
86,1,0,1,1,1,89,92,310,90,310,500.0,0,38.0,236.24999999999991,0.7631578947368421,1.0,34.0,247.74705882352941,0.7941176470588235,1.0,343.9,1.4,0.0,0.0,1800,1800,0,0,1360.2013959235974,0.00024662355937960976,0.0
87,1,0,1,1,1,14,17,462.1,15,451.6,500.0,10.5,26.0,308.2576923076923,0.07692307692307693,1.0,24.0,353.65833333333336,0.16666666666666666,1.0,268.7,1.4,141.6,152.1,1800,1800,141.6,152.1,1284.6956629666201,0.0002450747746893634,2.0030309188528617e-06
87,1,0,1,1,1,100,103,395.5,101,395.5,500.0,0.0,16.0,209.14375,0.625,1.0,13.0,188.71538461538464,0.7692307692307693,1.0,281.3,1.4,85.5,85.5,1800,1800,85.5,85.5,1483.6765407365635,0.00024756213207811705,0.0
88,1,0,1,1,1,30,33,594.8,31,397.1,500.0,197.69999999999993,12.0,170.39166666666665,0.4166666666666667,1.0,11.0,405.8181818181818,0.5454545454545454,1.0,450.1,1.4,87.1,284.8,1800,1800,87.1,284.8,3659.847140622988,0.00014119160044224498,7.626979579994237e-06
88,1,0,1,1,1,44,47,389.5,45,310,500.0,79.5,16.0,243.21874999999994,0.6875,1.0,17.0,302.964705882353,0.5294117647058824,1.0,302.8,1.4,0.0,0.0,1800,1800,0,79.5,1817.2107332299786,0.00024225507562283786,1.0598263679514728e-05
90,1,0,1,1,1,39,42,546.5,40,541.5,500.0,5.0,5.0,285.06,0.4,1.0,4.0,295.5,0.0,1.0,380.5,1.4,231.5,231.5,1800,1800,231.5,236.5,1367.2806920068142,0.0002467289206664002,9.022614087538456e-07
90,153,0,1,2,1,95,,3465.5,96,310,500.0,3155.5,27.0,214.52962962962962,0.8148148148148148,1.0,0.0784313725490196,596.1833333333333,0.8333333333333334,-0.006535947712418301,688.2,1.4,0.0,2.84640522875817,1800,1800,0,435.5,4756.38111322803,8.77311554719275e-05,5.8203002345997086e-05
91,1,0,1,1,1,55,58,555.1,56,555.1,500.0,0.0,1.0,245.1,1.0,2.0,1.0,245.1,0.0,2.0,116.1,1.4,245.1,245.1,1800,1800,245.1,245.1,439.4798547418034,0.0001480664888435388,0.0
91,158,0,1,2,1,86,,3120,87,310,500.0,2810,18.0,226.14444444444442,0.8333333333333334,1.0,0.06329113924050633,207.77999999999997,0.9,-0.006329113924050633,312.1,1.4,0.0,0.0,1800,1800,0,0,2339.7290944471656,0.0002194441479574655,0.0002635510483773243
92,1,0,1,1,1,76,79,1062.6,77,738.6,500.0,323.9999999999999,3.0,484.1666666666667,0.6666666666666666,1.5,7.0,864.4428571428572,1.0,1.0,1001.5,1.4,428.6,752.6,1800,1800,428.6,752.6,6504.023587075835,3.700838959951818e-05,1.8435846779631428e-06
94,1,0,1,1,1,6,10,683.4,7,460.7,500.0,222.7,7.0,269.2857142857143,0.0,1.0,7.0,443.2857142857143,0.0,1.0,404.3,1.4,150.7,363.4,1800,1800,150.7,363.4,3365.8168893641514,0.00015825903956115758,1.047124346592958e-05
94,1,0,183,2,2,37,,4244.5,,4244.5,500.0,0.0,0.02185792349726776,514.075,1.0,-0.01639344262295082,1.0,614.5,1.0,-1.0,388.7,1.4,6.839890710382514,614.5,1800,1800,614.5,614.5,2066.9728982639494,0.00023292058105106361,0.0
95,1,0,1,1,1,23,26,873.1,24,453.5,500.0,419.6,6.0,270.7,0.3333333333333333,1.0,27.0,727.8555555555556,0.37037037037037035,1.0,724.3,1.4,143.5,563.1,1800,1800,143.5,563.1,5340.271786379531,6.649591549138364e-05,5.224768936170699e-06
96,1,0,1,1,1,73,76,766.1,74,354.9,500.0,411.20000000000005,16.0,271.5625,0.8125,1.0,26.0,718.1076923076923,0.6923076923076923,1.0,680.4,1.4,44.9,456.1,1800,1800,44.9,456.1,4790.043408750857,8.637312689210797e-05,7.414678061820904e-06
96,1,0,1,1,1,91,94,704.3,92,409.6,500.0,294.69999999999993,19.0,242.05789473684212,0.6842105263157895,1.0,35.0,596.7199999999999,0.7428571428571429,1.0,525.6,1.4,99.6,394.3,1800,1800,99.6,394.3,3508.922363335254,0.00014984020417408195,1.2584464287813297e-05
97,1,0,1,1,1,27,30,532.4,28,488.8,500.0,43.599999999999966,17.0,301.6705882352941,0.35294117647058826,1.0,20.0,444.09,0.3,1.0,431.9,1.4,178.8,222.4,1800,1800,178.8,222.4,2128.503616567334,0.0002301255020524098,4.7138618000875995e-06
98,1,0,1,1,1,6,9,556.5,7,556.5,500.0,0.0,6.0,325.09999999999997,0.0,1.0,15.0,476.58000000000004,0.0,1.0,352.5,1.4,246.5,246.5,1800,1800,246.5,246.5,2165.777756491145,0.00022835506657878105,0.0
98,1,0,1,1,1,21,24,500.8,22,310,500.0,190.8,20.0,225.465,0.2,1.0,16.0,352.2875,0.125,1.0,334.2,1.4,0.0,190.8,1800,1800,0,190.8,2277.2121859082677,0.00022275777610161054,1.866412973863271e-05
99,178,0,1,2,1,45,,4089.6,47,606.8,500.0,3482.8,1.0,286.8,1.0,-1.0,0.0449438202247191,629.55,0.875,-0.0056179775280898875,375.1,1.4,286.8,3.1438202247191014,1800,1800,286.8,559.6,2998.2493853799488,0.00018053841627755547,0.00020971544237698196
100,1,0,1,1,1,20,23,746.9,21,395.2,500.0,351.7,5.0,243.66000000000003,0.0,1.0,10.0,646.23,0.3,1.0,775.8,1.4,85.2,436.9,1800,1800,85.2,436.9,5108.8052583158815,7.43358745988273e-05,5.117424872253971e-06
100,1,0,1,1,1,54,57,670.6,55,310,500.0,360.6,23.0,304.4652173913044,0.6086956521739131,1.0,21.0,555.0571428571428,0.5238095238095238,1.0,567.3,1.4,0.0,360.6,1800,1800,0,360.6,3067.7790679365908,0.00017628099089627835,2.0720828948074647e-05
101,1,0,1,1,1,39,42,597.4,41,503.7,500.0,93.69999999999999,6.0,229.4333333333333,0.5,1.0,4.0,461.775,0.0,1.0,402.5,1.4,161.8,287.4,1800,1800,183.7,287.4,2600.5857939444736,0.00020464100494901918,7.373285745224103e-06
101,1,0,1,1,1,83,86,803.6,84,469.8,500.0,333.8,29.0,340.44827586206895,0.8275862068965517,1.0,15.0,615.6533333333334,0.8,1.0,668.9,1.4,159.8,493.6,1800,1800,159.8,493.6,4775.6616444544015,8.69512641711188e-05,6.077552000364834e-06
102,1,0,1,1,1,63,66,410.8,64,410.8,500.0,0.0,14.0,278.16428571428565,0.5714285714285714,1.0,16.0,330.10624999999993,0.875,1.0,79.1,1.4,100.8,100.8,1800,1800,100.8,100.8,589.8472231087753,0.00017960216538434495,0.0
102,1,0,1,1,1,88,91,600.1,89,446.2,500.0,153.90000000000003,38.0,262.80263157894734,0.7105263157894737,1.0,10.0,367.45,0.9,1.0,586.7,1.4,136.2,290.1,1800,1800,136.2,290.1,3851.3689963951697,0.00013061336524794196,5.219286163043041e-06
104,1,0,1,1,1,36,39,398.6,37,398.6,500.0,0.0,6.0,192.13333333333333,0.3333333333333333,1.0,10.0,378.85,0.7,1.0,369.8,1.4,88.6,88.6,1800,1800,88.6,88.6,1918.9451039476228,0.00023888982651233313,0.0
104,1,0,1,1,1,49,52,667.6,50,310,500.0,357.6,33.0,238.57878787878786,0.5454545454545454,1.0,24.0,588.2291666666666,0.75,1.0,499.7,1.4,0.0,349.6,1800,1800,0,357.6,3802.800672226611,0.00013325098829998063,1.2530384188707105e-05
104,1,0,1,1,1,59,62,310,60,310,500.0,0,27.0,184.58518518518517,0.6296296296296297,1.0,22.0,327.6545454545454,0.7272727272727273,1.0,326.1,1.4,0.0,0.0,1800,1800,0,0,2148.230754725488,0.00022919540709652589,0.0
105,1,0,1,1,1,28,31,792.7,29,700,500.0,92.70000000000005,9.0,470.5,0.6666666666666666,1.5,3.0,593.1999999999999,0.3333333333333333,1.0,687.9,1.4,390.0,482.7,1800,1800,390,482.7,2960.2643026791447,0.000182866323788759,5.726417131023087e-06
105,1,0,1,1,1,45,48,310,46,310,500.0,0,19.0,263.69473684210527,0.5789473684210527,1.0,17.0,269.47058823529414,0.5294117647058824,1.0,171,1.4,0.0,0.0,1800,1800,0,0,771.8689030809803,0.00020793070817203582,0.0
106,1,0,1,1,1,38,42,586.5,39,487.3,500.0,99.19999999999999,6.0,281.2666666666667,0.16666666666666666,1.0,4.0,367.1,0.25,1.0,355.5,1.4,177.3,266.5,1800,1800,177.3,266.5,1872.5269959833495,0.0002405077999606611,1.2741270917468647e-05
106,1,0,1,1,1,79,82,872.5,80,526.1,500.0,346.4,3.0,254.9,1.0,-1.0,2.0,433.3,0.5,2.0,525.1,1.4,216.1,304.1,1800,1800,216.1,562.5,3041.6542922614226,0.0001778796962181757,2.0257899435430048e-05
107,1,0,1,1,1,46,49,378.1,47,378.1,500.0,0.0,12.0,215.35833333333335,0.5,1.0,19.0,281.2894736842106,0.631578947368421,1.0,271.5,1.4,68.1,68.1,1800,1800,68.1,68.1,1245.6864810145964,0.00024395390570094863,0.0
107,1,0,1,1,1,62,65,764.6,63,310,500.0,454.6,39.0,190.79999999999998,0.6666666666666666,1.0,6.0,572.1833333333334,0.5,1.0,530,1.4,0.0,454.6,1800,1800,0,454.6,4104.102918197306,0.00011741611567909033,1.3005854690203538e-05
107,1,0,1,1,1,89,92,451,90,451,500.0,0,14.0,303.4,0.7142857142857143,1.0,42.0,414.04761904761915,0.8095238095238095,1.0,389.3,1.4,141.0,141.0,1800,1800,141,141,2469.797599908057,0.00021222985730494202,0.0
109,1,0,1,1,1,41,44,452.2,42,452.2,500.0,0.0,4.0,282.6,0.5,1.5,4.0,264.45,0.0,1.0,304,1.4,142.2,142.2,1800,1800,142.2,142.2,1758.6695906377054,0.00024387138809581714,0.0
109,1,0,1,1,1,60,63,549.3,61,310,500.0,239.29999999999995,11.0,238.16363636363633,0.7272727272727273,1.0,12.0,390.48333333333335,0.8333333333333334,1.0,366.7,1.4,0.0,239.3,1800,1800,0,239.3,2668.7394192954675,0.00020059002559359455,1.7986466860529684e-05
109,1,0,1,1,1,70,73,310,71,310,500.0,0,30.0,172.90333333333336,0.5333333333333333,1.0,17.0,199.08235294117648,0.8823529411764706,1.0,245.1,1.4,0.0,0.0,1800,1800,0,0,2019.6349538451118,0.00023495287446749036,0.0
110,1,0,1,1,1,35,38,648.2,36,427,500.0,221.20000000000005,10.0,263.57000000000005,0.4,1.0,17.0,454.80588235294124,0.5882352941176471,1.0,354.6,1.4,117.0,338.2,1800,1800,117,338.2,3080.8789498142723,0.000175479956504349,1.2599055987286356e-05
112,1,0,1,1,1,63,66,501,64,372.2,500.0,128.8,38.0,235.6184210526316,0.631578947368421,1.0,16.0,419.46250000000003,0.75,1.0,400.2,1.4,62.2,191.0,1800,1800,62.2,191,2847.6910936018944,0.00018975635387985117,8.58260870873153e-06
112,1,0,1,1,1,78,81,310,79,310,500.0,0,21.0,272.895238095238,0.7619047619047619,1.0,13.0,267.83076923076925,0.9230769230769231,1.0,159.9,1.4,0.0,0.0,1800,1800,0,0,507.31852367737787,0.00016329476523445263,0.0
112,1,0,1,1,1,88,91,310,89,310,500.0,0,21.0,230.04761904761904,0.6190476190476191,1.0,13.0,267.8615384615385,0.7692307692307693,1.0,235,1.4,0.0,0.0,1800,1800,0,0,1493.912501602679,0.00024755894563905875,0.0
112,1,0,1,1,1,98,101,946.6,99,310,500.0,636.6,12.0,238.14999999999998,0.75,1.0,13.0,770.946153846154,0.6923076923076923,1.0,772,1.4,0.0,636.6,1800,1800,0,636.6,5727.147489686931,5.4967147945619505e-05,6.1098629719581715e-06
114,1,0,1,1,1,36,39,790.1,37,535.8,500.0,254.30000000000007,29.0,340.67241379310343,0.5172413793103449,1.0,17.0,612.1058823529411,0.47058823529411764,1.0,684.4,1.4,171.8,480.1,1800,1800,225.8,480.1,4660.754027033404,9.168134657551555e-05,5.002316427540259e-06
114,1,0,1,1,1,62,65,1278.6,63,310,500.0,968.5999999999999,19.0,264.7105263157894,0.6842105263157895,1.0,13.0,1116.3615384615384,0.9230769230769231,1.0,1082.3,1.4,0.0,938.4,1800,1800,0,968.6,8937.909301192798,9.886353750065427e-06,1.0713827943001646e-06
115,1,0,1,1,1,60,63,794.8,61,318.5,500.0,476.29999999999995,19.0,232.68947368421055,0.6842105263157895,1.0,21.0,646.1904761904761,0.5714285714285714,1.0,774.9,1.4,8.5,429.7,1800,1800,8.5,484.8,4054.2186449824944,0.00011994871904011632,1.4091883019065461e-05
116,1,0,1,1,1,21,24,710.6,22,341.6,500.0,369.0,10.0,284.88,0.2,1.0,6.0,520.1,0.16666666666666666,1.0,432.3,1.4,31.6,400.6,1800,1800,31.6,400.6,2154.2039393997507,0.00022891070184521275,3.921079496513211e-05
116,1,0,1,1,1,73,76,884,74,310,500.0,574,19.0,309.55263157894734,0.7368421052631579,1.0,1.0,574.0,0.0,2.0,614.5,1.4,0.0,574.0,1800,1800,0,574,3298.645669034852,0.0001622724916822469,2.823716748360632e-05
116,1,0,1,1,1,93,96,310,94,310,500.0,0,32.0,233.26875000000004,0.71875,1.0,15.0,340.18,0.9333333333333333,1.0,329.5,1.4,0.0,0.0,1800,1800,0,0,1723.085296847706,0.00024472768303914025,0.0
117,1,0,1,1,1,29,32,662.8,30,430.4,500.0,232.39999999999998,6.0,322.18333333333334,0.16666666666666666,1.0,6.0,434.18333333333334,0.0,1.0,507.8,1.4,120.4,352.8,1800,1800,120.4,352.8,3374.5378792446936,0.00015774063531073346,1.0863390768759022e-05
117,1,0,1,1,1,75,78,310,76,310,500.0,0,17.0,256.00588235294117,0.47058823529411764,1.0,21.0,309.1,0.8095238095238095,1.0,193.1,1.4,0.0,0.0,1800,1800,0,0,1028.1701984197618,0.00023309582247060833,0.0
118,1,0,1,1,1,20,23,372.8,21,372.8,500.0,0.0,8.0,196.66250000000002,0.125,1.0,7.0,198.91428571428574,0.14285714285714285,1.0,151.6,1.4,62.8,62.8,1800,1800,62.8,62.8,893.6573274570508,0.00022179548564794628,0.0
118,1,0,1,1,1,59,62,310,60,310,500.0,0,24.0,218.6916666666667,0.5416666666666666,1.0,25.0,223.9,0.68,1.0,86.8,1.4,0.0,0.0,1800,1800,0,0,659.9400949658121,0.00019168647756267595,0.0
118,1,0,1,1,1,80,83,658.8,81,310,500.0,348.79999999999995,21.0,233.5047619047619,0.7619047619047619,1.0,6.0,442.6666666666667,1.0,1.0,462.4,1.4,0.0,348.8,1800,1800,0,348.8,2975.688740661026,0.0001819210115501713,2.1324155299456466e-05
120,1,0,157,2,2,89,,3626.4,,3420.8,500.0,205.5999999999999,0.050955414012738856,456.58750000000003,1.0,-0.006369426751592357,10.0,730.7800000000001,0.9,-1.0,1192.2,1.4,1.9796178343949045,516.4,1800,1800,310.8,516.4,7632.483064181214,2.0322858609270965e-05,5.474469703935532e-07
121,1,0,1,1,1,0,3,453.6,1,453.6,500.0,0.0,8.0,368.9,0.0,1.0,8.0,392.38750000000005,0.0,1.0,273.4,1.4,143.6,143.6,1800,1800,143.6,143.6,1342.6968243016465,0.00024633443403892054,0.0
121,1,0,1,1,1,100,103,414,101,414,500.0,0,23.0,305.2652173913043,0.8695652173913043,1.0,33.0,377.68484848484854,0.8181818181818182,1.0,306.3,1.4,104.0,104.0,1800,1800,104,104,1469.3867831163743,0.00024754683724739367,0.0
122,1,0,1,1,1,88,91,350.6,89,350.6,500.0,0.0,28.0,212.35000000000005,0.6428571428571429,1.0,18.0,215.6,0.8333333333333334,1.0,263.2,1.4,40.6,40.6,1800,1800,40.6,40.6,1884.4986719968638,0.0002401032943131787,0.0
122,1,0,1,1,1,96,99,601,97,310,500.0,291,13.0,358.0846153846154,0.8461538461538461,1.0,8.0,390.05,0.875,1.0,464.8,1.4,0.0,291.0,1800,1800,0,291,2522.6800260453024,0.00020919537383882176,2.4131421012013802e-05
123,1,0,1,1,1,49,52,818,50,390,500.0,428,25.0,224.92400000000006,0.56,1.0,6.0,563.3166666666666,0.8333333333333334,1.0,681.8,1.4,80.0,508.0,1800,1800,80,508,4785.935683551716,8.653794119036932e-05,7.73897546445744e-06
123,1,0,1,1,1,79,82,310,80,310,500.0,0,25.0,220.60000000000002,0.6,1.0,20.0,215.33500000000004,0.85,1.0,109,1.4,0.0,0.0,1800,1800,0,0,549.6986655622997,0.0001719611622105815,0.0
124,1,0,1,1,1,24,27,357.9,25,357.9,500.0,0.0,25.0,248.716,0.24,1.0,31.0,238.49354838709678,0.3870967741935484,1.0,68,1.4,47.9,47.9,1800,1800,47.9,47.9,274.4916874514428,0.00010333936683436717,0.0
125,1,0,1,1,1,0,3,464.9,1,464.9,500.0,0.0,13.0,313.6923076923077,0.0,1.0,13.0,330.7076923076923,0.0,1.0,147.3,1.4,154.9,154.9,1800,1800,154.9,154.9,384.47637645467233,0.00013441959003362945,0.0
125,1,0,1,1,1,46,49,547.5,47,386.9,500.0,160.60000000000002,31.0,233.72903225806454,0.5806451612903226,1.0,25.0,537.156,0.76,1.0,529.1,1.4,76.9,237.5,1800,1800,76.9,237.5,3499.6326889607303,0.0001503806733218705,6.901048847690486e-06
126,1,0,1,1,1,76,79,506.9,77,506.9,500.0,0.0,4.0,317.6,1.0,2.5,2.0,222.8,0.5,1.0,85,1.4,196.9,196.9,1800,1800,196.9,196.9,313.5311978734185,0.00011497616717584003,0.0
128,1,0,1,1,1,32,35,690.3,33,369.7,500.0,320.59999999999997,8.0,271.25,0.625,1.0,7.0,579.0285714285714,0.5714285714285714,1.0,614.2,1.4,59.7,380.3,1800,1800,59.7,380.3,4347.480783431926,0.00010558895174832514,7.786536529274826e-06
131,1,0,1,1,1,12,15,526.8,13,518.1,500.0,8.699999999999932,7.0,297.52857142857147,0.14285714285714285,1.0,6.0,249.45000000000002,0.3333333333333333,1.0,235.2,1.4,208.1,208.1,1800,1800,208.1,216.8,1314.7857086129297,0.000245787238573911,1.6263859285852142e-06
131,1,0,1,1,1,68,71,475,69,415.7,500.0,59.30000000000001,28.0,291.3571428571429,0.6071428571428571,1.0,34.0,321.2676470588235,0.7647058823529411,1.0,295.7,1.4,105.7,165.0,1800,1800,105.7,165,1528.332257149349,0.00024746390376656236,9.601714172236531e-06
132,1,0,1,1,1,18,22,658.7,19,556,500.0,102.70000000000005,7.0,354.59999999999997,0.0,1.0,10.0,518.0400000000001,0.0,1.0,478.5,1.4,246.0,338.7,1800,1800,246,338.7,3098.6991009641215,0.00017439106985034814,5.779832855683954e-06
132,1,0,1,1,1,54,57,469.8,55,469.8,500.0,0.0,32.0,262.428125,0.65625,1.0,26.0,391.6230769230769,0.6538461538461539,1.0,434,1.4,130.5,159.8,1800,1800,159.8,159.8,2102.6849402042526,0.0002313184245126767,0.0
132,1,0,1,1,1,77,80,605.2,78,310,500.0,295.20000000000005,36.0,271.8777777777778,0.6944444444444444,1.0,28.0,538.5428571428571,0.75,1.0,556,1.4,0.0,295.2,1800,1800,0,295.2,3752.827085551004,0.00013599737172825227,1.0697648257962738e-05
133,1,0,1,1,1,32,35,910.3,33,538.4,500.0,371.9,12.0,307.60833333333335,0.5,1.0,4.0,700.9499999999999,0.25,1.0,706.3,1.4,159.7,600.3,1800,1800,228.4,600.3,4723.217126612309,8.90855961117835e-05,7.014484472310337e-06
133,1,0,1,1,1,48,51,310,49,310,500.0,0,15.0,197.41333333333333,0.6,1.0,12.0,225.5,0.75,1.0,41,1.4,0.0,0.0,1800,1800,0,0,348.336614279534,0.0001247826192153048,0.0
134,1,0,1,1,1,14,17,484.3,15,484.3,500.0,0.0,11.0,277.02727272727276,0.36363636363636365,1.0,6.0,241.85,0.16666666666666666,1.0,254.4,1.4,174.3,174.3,1800,1800,174.3,174.3,1709.20158058726,0.00024503448434624474,0.0
134,1,0,1,1,1,64,67,387,65,387,500.0,0,18.0,268.15,0.5,1.0,10.0,170.95,0.9,1.0,255.2,1.4,77.0,77.0,1800,1800,77,77,1129.023546196766,0.00023916491766075523,0.0
134,1,0,1,1,1,91,94,516.6,92,360.4,500.0,156.20000000000005,30.0,223.31,0.6666666666666666,1.0,17.0,381.52941176470586,0.7647058823529411,1.0,315.9,1.4,0.0,206.6,1800,1800,50.4,206.6,2765.906722014532,0.0001947345264858871,1.0997309777294709e-05
135,1,0,1,1,1,19,22,572.4,20,403.9,500.0,168.5,5.0,214.68,0.0,1.0,9.0,320.2777777777777,0.1111111111111111,1.0,288.3,1.4,93.9,93.9,1800,1800,93.9,262.4,1702.3166465597292,0.0002451807855147371,2.426867083907333e-05
136,1,0,162,2,2,80,,3883.7,,3883.7,500.0,0.0,0.05555555555555555,816.9333333333334,1.0,-0.006172839506172839,2.0,736.55,1.0,-1.0,356.3,1.4,4.220370370370371,683.7,1800,1800,683.7,683.7,2382.7447231723377,0.00021710227078974387,0.0
137,1,0,1,1,1,14,17,582.5,15,443.4,500.0,139.10000000000002,10.0,260.9,0.0,1.0,7.0,441.65714285714284,0.0,1.0,520.7,1.4,133.4,272.5,1800,1800,133.4,272.5,3258.5220437739945,0.00016468584549002142,7.0301200359934805e-06
138,1,0,1,1,1,33,36,459.4,34,459.4,500.0,0.0,21.0,346.4857142857143,0.38095238095238093,1.0,11.0,308.77272727272725,0.5454545454545454,1.0,234.8,1.4,149.4,149.4,1800,1800,149.4,149.4,1205.0297451975134,0.00024253754064334826,0.0
138,1,0,1,1,1,47,50,695.8,48,310,500.0,385.79999999999995,36.0,266.0055555555555,0.5277777777777778,1.0,3.0,536.8333333333334,0.3333333333333333,2.0,462,1.4,0.0,385.8,1800,1800,0,385.8,3146.5970970167514,0.0001714697415853472,2.1023672324094426e-05
140,1,0,1,1,1,89,92,497.8,90,459.8,500.0,38.0,23.0,256.54782608695655,0.7391304347826086,1.0,6.0,312.1333333333333,1.0,1.0,198.8,1.4,149.8,187.8,1800,1800,149.8,187.8,1512.883527727337,0.0002475224297199244,6.217168841468355e-06
141,1,0,1,1,1,19,22,840.8,20,451.4,500.0,389.4,12.0,295.8333333333333,0.0,1.0,4.0,592.7,0.0,1.5,536.4,1.4,141.4,530.8,1800,1800,141.4,530.8,4549.720249466224,9.644057461973725e-05,8.25412502259486e-06
142,1,0,1,1,1,84,87,492.3,85,492.3,500.0,0.0,16.0,338.24375,0.8125,1.0,22.0,355.8272727272727,0.8181818181818182,1.0,108.9,1.4,182.3,182.3,1800,1800,182.3,182.3,434.0833165010034,0.0001467804014676928,0.0
143,1,0,1,1,1,67,70,408.9,68,408.9,500.0,0.0,38.0,256.5657894736842,0.47368421052631576,1.0,28.0,292.2964285714286,0.8214285714285714,1.0,222.5,1.4,48.5,98.9,1800,1800,98.9,98.9,1612.4050983169373,0.0002467160735147086,0.0
144,1,0,162,2,2,80,,4036.8,,4036.8,500.0,0.0,0.024691358024691357,934.35,1.0,-0.006172839506172839,2.0,889.65,1.0,-1.0,395.5,1.4,5.165432098765431,836.8,1800,1800,836.8,836.8,1146.9382428819688,0.00024004840813053607,0.0
145,1,0,1,1,1,27,30,452.1,28,452.1,500.0,0.0,16.0,292.46875,0.3125,1.0,11.0,274.8727272727273,0.45454545454545453,1.0,193,1.4,142.1,142.1,1800,1800,142.1,142.1,898.6087509784227,0.0002222824841977731,0.0
146,1,0,1,1,1,23,26,672.2,24,483.2,500.0,189.00000000000006,26.0,291.25,0.19230769230769232,1.0,8.0,546.7,0.5,1.0,604.6,1.4,173.2,362.2,1800,1800,173.2,362.2,3942.1188573119184,0.0001257708528110692,6.029927569840201e-06
146,1,0,1,1,1,80,83,508.6,81,310,500.0,198.60000000000002,25.0,185.592,0.68,1.0,12.0,299.62499999999994,0.75,1.0,231.8,1.4,0.0,152.7,1800,1800,0,198.6,2194.5333760087365,0.00022695248833416238,2.053865513093259e-05
148,1,0,158,2,2,87,,3489.9,,3417.7,500.0,72.20000000000027,0.0759493670886076,380.87499999999994,0.9166666666666666,-0.006329113924050633,5.0,539.22,1.0,-1.0,505.1,1.4,1.820886075949367,359.9,1800,1800,287.7,359.9,2896.524653809041,0.00018677071219921605,4.655525856840321e-06
150,1,0,1,1,1,27,30,380.6,28,435,500.0,-54.39999999999998,18.0,278.29999999999995,0.3333333333333333,1.0,11.0,244.57272727272724,0.45454545454545453,1.0,214.4,1.4,125.0,70.6,1800,1800,125,70.6,1250.0882273791992,0.00024409183511232325,-1.0622126934151566e-05
150,1,0,1,1,1,35,38,310,36,310,500.0,0,30.0,211.24999999999997,0.5,1.0,19.0,302.2684210526316,0.631578947368421,1.0,264.6,1.4,0.0,0.0,1800,1800,0,0,1691.071021458522,0.0002454112885451895,0.0
151,1,0,1,1,1,27,30,620.7,28,484.7,500.0,136.00000000000006,21.0,329.05238095238093,0.42857142857142855,1.0,23.0,486.83478260869566,0.4782608695652174,1.0,436.2,1.4,174.7,231.9,1800,1800,174.7,310.7,2191.55138670868,0.00022709936571403547,1.409299089422374e-05
151,1,0,1,1,1,35,38,310,36,310,500.0,0,27.0,306.1407407407408,0.37037037037037035,1.0,24.0,315.52916666666664,0.5,1.0,413.3,1.4,0.0,0.0,1800,1800,0,0,795.2293710831639,0.0002108823640723997,0.0
151,1,0,1,1,1,72,75,341.8,73,341.8,500.0,0.0,12.0,320.3333333333333,1.0,1.0,13.0,325.65384615384613,0.8461538461538461,1.0,209,1.4,31.8,31.8,1800,1800,31.8,31.8,950.2228406260223,0.00022702596610891428,0.0
152,1,0,1,1,1,56,59,404.7,57,404.7,500.0,0.0,11.0,229.33636363636367,0.9090909090909091,1.0,19.0,371.0315789473684,0.7368421052631579,1.0,342.3,1.4,94.7,94.7,1800,1800,94.7,94.7,1886.7503709241303,0.00024002620265763228,0.0
153,1,0,1,1,1,26,29,616.9,28,464.3,500.0,152.59999999999997,6.0,252.38333333333335,0.6666666666666666,1.0,2.0,340.25,0.0,1.0,372.3,1.4,144.3,306.9,1800,1800,144.3,306.9,2813.045074453571,0.00019186937040741834,1.0408388472004659e-05
154,1,0,1,1,1,51,54,437.3,52,437.3,500.0,0.0,15.0,273.85333333333335,0.8,1.0,16.0,308.19375,0.75,1.0,168.7,1.4,127.3,127.3,1800,1800,127.3,127.3,988.9801020258367,0.0002302027863360686,0.0
154,1,0,1,1,1,65,68,310,66,310,500.0,0,7.0,171.32857142857142,0.5714285714285714,1.0,5.0,133.8,1.0,1.0,149.5,1.4,0.0,0.0,1800,1800,0,0,834.0031493719703,0.00021546844036681733,0.0
155,1,0,1,1,1,61,64,480.4,62,372.2,500.0,108.19999999999999,18.0,280.21666666666664,0.6111111111111112,1.0,26.0,374.2576923076923,0.7307692307692307,1.0,278.8,1.4,62.2,62.2,1800,1800,62.2,170.4,1468.720924504154,0.00024754555720833617,1.8236568188735038e-05
155,1,0,1,1,1,91,94,310,92,310,500.0,0,23.0,189.16086956521738,0.7391304347826086,1.0,19.0,179.37894736842105,0.8421052631578947,1.0,95.1,1.4,0.0,0.0,1800,1800,0,0,539.8055180275094,0.00016999429280812177,0.0
156,1,0,1,1,1,7,10,445.5,8,419.5,500.0,26.0,18.0,270.40000000000003,0.05555555555555555,1.0,25.0,425.6,0.08,1.0,411.9,1.4,109.5,135.5,1800,1800,109.5,135.5,2396.047988617581,0.0002163686829111308,2.347860219166615e-06
156,1,0,1,1,1,77,80,382.3,78,382.3,500.0,0.0,7.0,223.85714285714286,0.8571428571428571,1.0,26.0,482.9846153846153,0.7692307692307693,1.0,346.3,1.4,72.3,72.3,1800,1800,72.3,72.3,1965.8656238510166,0.0002371243349241676,0.0
157,1,0,1,1,1,32,35,360.7,33,360.7,500.0,0.0,28.0,303.3178571428572,0.39285714285714285,1.0,15.0,275.1133333333334,0.5333333333333333,1.0,372,1.4,50.7,50.7,1800,1800,50.7,50.7,1764.6154619119582,0.0002437187597165543,0.0
157,171,0,1,2,1,59,,4352.1,60,310,500.0,4042.1000000000004,12.0,231.12499999999997,0.9166666666666666,1.0,0.005847953216374269,962.1,1.0,-0.005847953216374269,716.8,1.4,0.0,5.626315789473685,1800,1800,0,962.1,6700.708625982962,3.3400765205359335e-05,2.0148500788866607e-05
158,9,0,1,1,1,40,59,3511.5,41,434.9,500.0,3076.6,13.0,323.7923076923077,0.46153846153846156,1.0,32.22222222222222,788.5727586206893,0.6413793103448275,1.0,816,1.4,124.9,547.8000000000001,1800,1800,124.9,641.5,5137.798345522238,7.331329789635455e-05,4.3901234953003497e-05
159,179,0,1,2,1,44,,4183.5,45,506.2,500.0,3677.3,4.0,276.35,0.5,1.0,0.0446927374301676,562.1625,0.75,0.0,201.5,1.4,196.2,6.8832402234636865,1800,1800,196.2,643.5,1183.7672141723615,0.00024169163158080007,0.000750800179436856
160,1,0,1,1,1,46,49,824.5,47,504.6,500.0,319.9,2.0,211.5,1.0,1.0,1.0,514.5,0.0,3.0,524.6,1.4,194.6,514.5,1800,1800,194.6,514.5,4924.601326718299,8.111196122176363e-05,5.268998376389072e-06
160,1,0,1,1,1,97,100,409.5,98,409.5,500.0,0.0,8.0,200.6625,0.875,1.0,9.0,203.6222222222222,0.8888888888888888,1.0,131.1,1.4,99.5,99.5,1800,1800,99.5,99.5,629.6294097268485,0.00018665105510079513,0.0
161,176,0,1,2,1,49,,3950.8,50,579.9,500.0,3370.9,8.0,316.52500000000003,0.625,1.0,0.011363636363636364,614.3,1.0,-0.011363636363636364,451.9,1.4,269.9,6.980681818181818,1800,1800,269.9,460.8,2543.1436637841994,0.00020800806777029567,0.0002757116735605655
163,1,0,1,1,1,14,17,328,15,328,500.0,0,18.0,269.6833333333334,0.3333333333333333,1.0,20.0,368.1449999999999,0.2,1.0,282.6,1.4,18.0,18.0,1800,1800,18,18,1312.7057870911167,0.00024574213385554483,0.0
163,1,0,1,1,1,28,31,310,29,310,500.0,0,16.0,329.6375,0.375,1.0,22.0,331.55909090909086,0.45454545454545453,1.0,275,1.4,0.0,0.0,1800,1800,0,0,913.757631434449,0.0002237372330901881,0.0
164,1,0,1,1,1,37,40,484.6,38,402.9,500.0,81.70000000000005,21.0,281.8428571428571,0.38095238095238093,1.0,25.0,414.86000000000007,0.6,1.0,328.3,1.4,92.9,163.2,1800,1800,92.9,174.6,1722.850275715579,0.00024473300625191404,1.1605585750901467e-05
164,1,0,1,1,1,95,98,310,96,310,500.0,0,40.0,208.00750000000002,0.775,1.0,26.0,194.63846153846154,0.8076923076923077,1.0,206,1.4,0.0,0.0,1800,1800,0,0,1655.0748746083648,0.0002460766617310444,0.0
165,1,0,1,1,1,0,3,577,1,368.5,500.0,208.5,9.0,248.16666666666666,0.0,1.0,18.0,554.4833333333332,0.0,1.0,472.2,1.4,58.5,267.0,1800,1800,58.5,267,2631.988108343649,0.00020278128918188094,1.606386391351501e-05
165,7,0,1,1,1,91,106,2467.3,92,310,500.0,2157.3,40.0,217.24499999999998,0.725,1.0,18.0,521.9944444444444,0.7777777777777778,1.0,585.1,1.4,0.0,301.84285714285716,1800,1800,0,237.3,3453.748910024206,0.00015306296941744178,9.560704976724349e-05
167,1,0,1,1,1,12,15,512.8,13,398.5,500.0,114.29999999999995,22.0,261.55,0.18181818181818182,1.0,17.0,392.13529411764705,0.058823529411764705,1.0,470.1,1.4,88.5,202.8,1800,1800,88.5,202.8,2515.71981921949,0.00020959761746028592,9.52292361521539e-06
167,1,0,1,1,1,97,100,458.8,98,458.8,500.0,0.0,11.0,269.0272727272727,1.0,1.0,14.0,395.8142857142857,0.8571428571428571,1.0,291.3,1.4,86.2,86.2,1800,1800,148.8,148.8,1501.0786234755406,0.00024754978895848113,0.0
168,1,0,1,1,1,12,15,420.1,13,420.1,500.0,0.0,25.0,222.05200000000002,0.16,1.0,24.0,337.5291666666667,0.125,1.0,261.4,1.4,110.1,110.1,1800,1800,110.1,110.1,2306.162241909097,0.00022123732664524798,0.0
168,1,0,1,1,1,65,68,310,66,310,500.0,0,15.0,198.08666666666667,0.4,1.0,24.0,237.42916666666665,0.8333333333333334,1.0,298.3,1.4,0.0,0.0,1800,1800,0,0,1669.1860188580818,0.0002458291907923052,0.0
169,1,0,1,1,1,6,9,468.2,7,468.2,500.0,0.0,18.0,261.3222222222222,0.05555555555555555,1.0,15.0,273.6066666666667,0.06666666666666667,1.0,229.2,1.4,158.2,158.2,1800,1800,158.2,158.2,768.1537967076503,0.0002074478948537942,0.0
170,1,0,173,2,2,58,,4158.7,,4158.7,500.0,0.0,0.017341040462427744,788.4333333333334,1.0,-0.005780346820809248,8.0,931.7499999999999,1.0,-1.0,380.9,1.4,4.269942196531792,738.7,1800,1800,738.7,738.7,1426.1541088316326,0.000247356155259018,0.0
171,1,0,1,1,1,37,40,433,38,433,500.0,0,2.0,138.4,0.0,1.0,2.0,138.4,0.0,1.0,324.8,1.4,123.0,123.0,1800,1800,123,123,912.2692365974983,0.00022359663747949118,0.0
171,1,0,1,1,1,56,59,569,57,549.2,500.0,19.799999999999955,14.0,333.2857142857142,0.5,1.0,13.0,345.40769230769223,0.6153846153846154,1.0,314.8,1.4,239.2,259.0,1800,1800,239.2,259,1832.4808714171734,0.00024179329355981775,2.6125823669754863e-06
173,191,0,1,2,1,20,,4355.1,21,495.5,500.0,3859.6000000000004,2.0,226.65,0.5,1.0,0.07853403141361257,515.1266666666667,0.8,0.010471204188481676,426.1,1.4,185.5,5.924607329842932,1800,1800,185.5,575.1,1062.0970867192734,0.00023535225133192837,0.0008552566056334585
174,1,0,183,2,2,37,,4236.6,,4294.7,500.0,-58.099999999999454,0.01092896174863388,759.75,1.0,-0.00546448087431694,10.0,694.98,0.9,-1.0,194.2,1.4,3.6322404371584702,606.6,1800,1800,664.7,606.6,487.84714944003775,0.0001590984475014945,-1.8947778644288044e-05
175,1,0,1,1,1,98,101,703.9,99,422.7,500.0,281.2,14.0,317.9785714285714,0.8571428571428571,1.0,10.0,565.36,0.9,1.0,645.1,1.4,112.7,393.9,1800,1800,112.7,393.9,4786.539488202648,8.65136990212558e-05,5.082513624871859e-06
176,1,0,1,1,1,30,33,603.7,31,364.9,500.0,238.80000000000007,14.0,310.52857142857147,0.2857142857142857,1.0,25.0,553.54,0.52,1.0,492.9,1.4,54.9,293.7,1800,1800,54.9,293.7,4135.094259793311,0.00011586105323324895,6.690928374020379e-06
177,1,0,1,1,1,25,28,496.6,26,391.4,500.0,105.20000000000005,24.0,202.19999999999996,0.2916666666666667,1.0,18.0,354.43888888888887,0.3333333333333333,1.0,384.7,1.4,81.4,186.6,1800,1800,81.4,186.6,3104.3074435901162,0.0001740485822196833,5.898227280071e-06
177,1,0,1,1,1,85,88,417.2,86,417.2,500.0,0.0,24.0,232.33333333333334,0.6666666666666666,1.0,34.0,321.8205882352941,0.7941176470588235,1.0,317.7,1.4,0.0,0.0,1800,1800,107.2,107.2,1699.4733238093786,0.0002452400615085474,0.0
178,1,0,1,1,1,45,48,483.4,46,483.4,500.0,0.0,1.0,173.4,1.0,1.0,3.0,358.8,0.0,1.5,248.2,1.4,173.4,173.4,1800,1800,173.4,173.4,1365.7165343126746,0.0002467062090237829,0.0
178,1,0,1,1,1,81,84,433.9,82,433.9,500.0,0.0,31.0,238.61935483870968,0.7096774193548387,1.0,6.0,297.3833333333333,1.0,1.5,252.7,1.4,123.9,123.9,1800,1800,123.9,123.9,2331.9272986844016,0.0002198637124827847,0.0
180,2,0,1,1,1,43,49,1253.5,44,521.2,500.0,732.3,4.0,333.375,0.75,1.0,2.0,515.15,0.0,-1.0,547.2,1.4,211.2,416.8,1800,1800,211.2,613.5,3344.0078202743985,0.00015955821078322772,3.4941448715562445e-05
180,1,0,1,1,1,73,76,472.9,74,400.3,500.0,72.59999999999997,14.0,270.40714285714284,0.7142857142857143,1.0,10.0,302.47,0.9,1.0,333.5,1.4,90.3,162.9,1800,1800,90.3,162.9,2097.446872476727,0.00023155696448776705,8.014999494104428e-06
181,1,0,1,1,1,51,54,969.6,52,477.8,500.0,491.8,14.0,317.99285714285713,0.7142857142857143,1.0,2.0,783.05,0.0,1.0,850.1,1.4,167.8,659.6,1800,1800,167.8,659.6,6458.045378122097,3.790151612759938e-05,2.8863169179176e-06
182,1,0,1,1,1,13,16,448.5,14,448.5,500.0,0.0,14.0,332.42857142857144,0.14285714285714285,1.0,13.0,261.90769230769234,0.15384615384615385,1.0,243.4,1.4,138.5,138.5,1800,1800,138.5,138.5,1847.0724279081876,0.00024133719212709984,0.0
182,1,0,1,1,1,69,72,936.5,70,310,500.0,626.5,35.0,268.33142857142855,0.6,1.0,4.0,617.3,0.5,1.0,657.2,1.4,0.0,487.4,1800,1800,0,626.5,4659.223331624674,9.174569248515327e-05,1.2336535995561664e-05
182,1,0,1,1,1,78,81,310,79,310,500.0,0,24.0,168.3875,0.6666666666666666,1.0,26.0,181.93076923076927,0.8076923076923077,1.0,92.3,1.4,0.0,0.0,1800,1800,0,0,588.8140609566047,0.00017941227352946608,0.0
183,1,0,157,2,2,90,,3865.3,,3865.3,500.0,0.0,0.03184713375796178,897.4199999999998,1.0,-0.006369426751592357,2.0,818.15,1.0,-1.0,439.6,1.4,4.87452229299363,765.3,1800,1800,765.3,765.3,2529.1632972989723,0.00020881995753690806,0.0
184,1,0,168,2,2,68,,3908.2,,3953.7,500.0,-45.5,0.03571428571428571,690.9499999999999,1.0,-0.005952380952380952,10.0,662.36,0.9,-1.0,384.6,1.4,3.7720238095238097,588.2,1800,1800,633.7,588.2,2141.275774823091,0.0002295251180504188,-4.8771825628844436e-06
185,1,0,1,1,1,53,56,448.4,54,448.4,500.0,0.0,13.0,257.39230769230767,0.8461538461538461,1.0,11.0,242.67272727272723,0.6363636363636364,1.0,93,1.4,138.4,138.4,1800,1800,138.4,138.4,424.6623373323002,0.00014450805670037422,0.0
186,170,0,1,2,1,62,,3624.9,63,477.8,500.0,3147.1,1.0,167.8,0.0,2.0,0.06470588235294118,434.9090909090908,0.9090909090909091,-0.0058823529411764705,402.7,1.4,167.8,1.558235294117647,1800,1800,167.8,264.9,2054.021447947989,0.00023348726430254138,0.00035774104025087784
187,1,0,167,2,2,70,,3854.9,,3854.9,500.0,0.0,0.011976047904191617,566.2,1.0,-0.005988023952095809,1.0,554.9,1.0,-1.0,482.9,1.4,3.322754491017964,554.9,1800,1800,554.9,554.9,2408.5784584284042,0.00021567389490821542,0.0
188,1,0,1,1,1,60,63,669.5,61,680.9,500.0,-11.399999999999977,2.0,388.29999999999995,0.0,1.0,19.0,495.16315789473697,0.7368421052631579,1.0,626.5,1.4,370.9,359.5,1800,1800,370.9,359.5,3661.121158161386,0.00014111971030974794,-4.394185901072568e-07
188,1,0,1,1,1,68,71,578.3,69,310,500.0,268.29999999999995,19.0,298.7894736842105,0.7368421052631579,1.0,4.0,403.925,0.25,2.0,572.2,1.4,0.0,268.3,1800,1800,0,268.3,2824.6759390338357,0.0001911606062525825,1.815726538709102e-05
189,1,0,158,2,2,87,,3635.1,,3633.2,500.0,1.900000000000091,0.08227848101265822,581.3615384615385,0.9230769230769231,-0.006329113924050633,3.0,590.0666666666667,1.0,-1.0,224.6,1.4,3.1848101265822786,505.1,1800,1800,503.2,505.1,291.8021211890897,0.00010858403208898322,7.070190584234581e-07
190,1,0,165,2,2,74,,3873,,3902.5,500.0,-29.5,0.012121212121212121,695.35,1.0,-0.006060606060606061,7.0,793.2857142857143,1.0,-1.0,406.5,1.4,3.893939393939394,613.0,1800,1800,642.5,613,2091.020611879798,0.00023184797448239897,-3.2708980525458056e-06
192,1,0,1,1,1,28,31,448,29,448,500.0,0,17.0,329.6647058823529,0.11764705882352941,1.0,21.0,357.4619047619047,0.38095238095238093,1.0,428.8,1.4,138.0,138.0,1800,1800,138,138,853.4626654804534,0.00021762728471628134,0.0
192,1,0,1,1,1,45,48,457.9,46,457.9,500.0,0.0,13.0,267.7769230769231,0.8461538461538461,1.0,18.0,390.05555555555554,0.6666666666666666,1.0,296.4,1.4,147.9,147.9,1800,1800,147.9,147.9,1352.2130459075806,0.00024649670062332516,0.0
193,1,0,1,1,1,99,102,447.1,100,440.6,500.0,6.5,35.0,269.1028571428571,0.6857142857142857,1.0,16.0,277.64375,0.8125,1.0,293.2,1.4,130.6,137.1,1800,1800,130.6,137.1,1644.4151504036604,0.0002462519165579434,9.733779558244265e-07
194,1,0,1,1,1,23,26,413.8,24,413.8,500.0,0.0,18.0,258.98333333333335,0.2777777777777778,1.0,24.0,260.66249999999997,0.3333333333333333,1.0,42.3,1.4,103.8,103.8,1800,1800,103.8,103.8,371.2890053787789,0.00013096615713066608,0.0
194,1,0,1,1,1,65,68,1069.8,66,354.5,500.0,715.3,22.0,232.9409090909091,0.5454545454545454,1.0,17.0,896.3411764705883,0.7058823529411765,1.0,940.5,1.4,44.5,759.8,1800,1800,44.5,759.8,7361.498427373849,2.352242407323527e-05,2.2856202586444855e-06
194,1,0,1,1,1,79,82,550.4,80,443.9,500.0,106.5,29.0,274.7344827586207,0.7241379310344828,1.0,10.0,338.58000000000004,0.6,1.0,449.9,1.4,133.9,240.4,1800,1800,133.9,240.4,3364.2133733204573,0.00015835442753292872,5.012983619291517e-06
194,1,0,1,1,1,87,90,535.2,88,310,500.0,225.20000000000005,40.0,255.465,0.75,1.0,17.0,352.77058823529416,0.8235294117647058,1.0,404.5,1.4,0.0,225.2,1800,1800,0,225.2,3417.812225958699,0.00015517804873380742,1.0224697632430942e-05
195,1,0,1,1,1,18,21,529.2,19,482.4,500.0,46.80000000000007,17.0,260.4588235294118,0.11764705882352941,1.0,21.0,382.5095238095238,0.23809523809523808,1.0,344.5,1.4,172.4,219.2,1800,1800,172.4,219.2,2502.9803547214274,0.00021033168313929125,3.932720747228715e-06
195,1,0,1,1,1,93,96,854.4,94,502.3,500.0,352.09999999999997,42.0,401.00476190476195,0.7380952380952381,1.0,9.0,736.2444444444444,0.8888888888888888,1.0,744.3,1.4,192.3,544.4,1800,1800,192.3,544.4,4055.024197038682,0.00011990753371101518,1.0411637654463471e-05
197,1,0,1,1,1,25,28,461.8,26,461.8,500.0,0.0,11.0,288.31818181818176,0.45454545454545453,1.0,15.0,341.8666666666667,0.2,1.0,249.6,1.4,151.8,151.8,1800,1800,151.8,151.8,1617.391507390337,0.0002466500069276082,0.0
197,1,0,1,1,1,34,37,514.5,35,509.7,500.0,4.800000000000011,12.0,243.48333333333335,0.75,1.0,15.0,315.38666666666666,0.5333333333333333,1.0,188.2,1.4,0.0,0.0,1800,1800,199.7,204.5,1109.8204272415899,0.00023815484301371233,1.030025415289079e-06
"

"
